885987,0.016,-0.094,9.73
886017,-0.004,-0.102,9.724
886047,0.02,-0.118,9.72
886077,0.034,-0.124,9.736
886107,0.01,-0.118,9.71
886137,0.032,-0.126,9.73
886167,0.008,-0.104,9.718
886197,0.004,-0.11,9.706
886227,0.028,-0.104,9.732
886257,0.018,-0.1,9.76
886286,0.002,-0.106,9.766
886316,-0.022,-0.098,9.73
886346,-0.004,-0.1,9.738
886376,0.054,-0.11,9.736
886407,0.026,-0.126,9.706
886437,0.016,-0.106,9.724
886467,0,-0.102,9.732
886497,0.004,-0.124,9.734
886527,0.026,-0.114,9.752
886557,0.038,-0.142,9.756
886588,0.014,-0.114,9.716
886618,0.002,-0.098,9.712
886648,0.034,-0.11,9.742
886678,0.022,-0.114,9.736
886707,0.034,-0.106,9.706
886737,0.006,-0.118,9.718
886767,-0.006,-0.154,9.758
886798,0.076,-0.08,9.778
886828,0.014,-0.098,9.722
886858,-0.04,-0.142,9.772
886887,0.028,-0.098,9.742
886917,0.064,-0.074,9.762
886947,-0.012,-0.128,9.76
886977,0,-0.074,9.75
887007,0.064,-0.06,9.728
887037,0.002,-0.16,9.726
887067,0.05,-0.128,9.726
887098,0,-0.042,9.746
887128,0.01,-0.146,9.72
887158,-0.002,-0.128,9.712
887188,0.07,-0.094,9.752
887218,-0.008,-0.102,9.738
887248,-0.004,-0.152,9.726
887278,-0.04,-0.1,9.738
887308,0.076,0.004,9.692
887338,0.056,-0.22,9.514
887368,-0.024,-0.214,9.512
887398,0.006,-0.012,9.456
887428,-0.062,-0.134,9.744
887458,0.02,-0.174,9.872
887489,0.16,-0.022,9.824
887519,0.022,-0.154,9.702
887549,-0.058,-0.172,9.662
887579,-0.002,-0.004,9.714
887608,0.006,-0.076,9.766
887638,0.032,-0.22,9.758
887668,0.08,-0.098,9.714
887699,0.024,-0.06,9.75
887729,-0.08,-0.132,9.736
887759,-0.004,-0.082,9.758
887789,0.116,-0.076,9.732
887819,0.022,-0.164,9.72
887849,-0.01,-0.146,9.724
887879,0,-0.016,9.75
887909,-0.034,-0.128,9.712
887939,0.052,-0.158,9.716
887969,0.098,-0.076,9.756
887999,0.02,-0.118,9.744
888029,-0.074,-0.11,9.744
888059,0.026,-0.076,9.734
888089,0.058,-0.118,9.736
888119,0.022,-0.196,9.73
888149,0.024,-0.082,9.744
888179,-0.022,-0.042,9.734
888209,-0.044,-0.12,9.736
888239,0.054,-0.112,9.698
888269,0.106,-0.092,9.738
888299,0.01,-0.152,9.73
888329,-0.022,-0.08,9.704
888359,-0.022,-0.07,9.734
888390,0.014,-0.142,9.748
888420,0.07,-0.152,9.754
888450,0.074,-0.122,9.744
888480,0.016,-0.1,9.706
888510,-0.028,-0.096,9.708
888540,-0.016,-0.08,9.734
888570,0.034,-0.122,9.732
888600,0.06,-0.128,9.734
888630,0.028,-0.11,9.718
888660,0,-0.114,9.766
888690,-0.04,-0.094,9.724
888720,0.014,-0.112,9.748
888750,0.048,-0.116,9.754
888780,0.042,-0.14,9.75
888810,0.002,-0.096,9.768
888840,-0.028,-0.086,9.726
888870,0,-0.106,9.742
888900,0.052,-0.118,9.756
888930,0.02,-0.134,9.76
888960,0.016,-0.098,9.726
888990,0.012,-0.092,9.736
889020,-0.012,-0.09,9.736
889050,0.02,-0.098,9.734
889080,0.02,-0.124,9.738
889110,0.026,-0.114,9.726
889140,-0.03,-0.1,9.772
889170,0.008,-0.116,9.742
889201,0,-0.118,9.736
889231,0.022,-0.1,9.742
889261,0.016,-0.11,9.742
889291,0,-0.104,9.738
889321,0.004,-0.1,9.726
889351,0.022,-0.132,9.75
889381,0.006,-0.118,9.714
889411,0.002,-0.086,9.722
889441,0,-0.1,9.752
889471,0.006,-0.118,9.752
889501,0.026,-0.116,9.74
889531,0.022,-0.12,9.744
889561,0.002,-0.106,9.724
889591,-0.008,-0.11,9.742
889621,-0.002,-0.098,9.742
889651,0.02,-0.106,9.732
889681,-0.004,-0.094,9.698
889711,0.02,-0.114,9.704
889741,0.028,-0.098,9.734
889771,0.026,-0.082,9.796
889801,0.014,-0.106,9.748
889831,0.004,-0.086,9.722
889861,0.032,-0.114,9.75
889891,0.022,-0.124,9.758
889921,0.022,-0.118,9.74
889951,0.004,-0.086,9.746
889981,0.014,-0.1,9.734
890012,0,-0.114,9.738
890042,0.026,-0.11,9.76
890072,0.008,-0.1,9.732
890102,0.006,-0.122,9.742
890132,0.024,-0.104,9.756
890162,0.012,-0.118,9.756
890192,0.016,-0.11,9.744
890222,0.038,-0.088,9.722
890252,0.02,-0.114,9.736
890282,0.026,-0.136,9.722
890312,0.032,-0.11,9.724
890342,0.02,-0.118,9.708
890372,0.026,-0.122,9.732
890402,0.02,-0.118,9.738
890432,0.008,-0.094,9.744
890462,0.02,-0.126,9.75
890493,0.034,-0.132,9.742
890523,0.01,-0.096,9.742
890553,0.002,-0.106,9.736
890583,0.004,-0.1,9.744
890613,0.02,-0.118,9.72
890643,0.024,-0.128,9.732
890673,0.028,-0.11,9.76
890702,0.008,-0.124,9.738
890732,0.022,-0.13,9.744
890762,0.002,-0.112,9.742
890793,0.01,-0.102,9.73
890823,0.016,-0.114,9.72
890853,0.034,-0.124,9.73
890883,0.032,-0.104,9.762
890913,0.02,-0.112,9.748
890943,0.026,-0.112,9.728
890973,0.024,-0.112,9.736
891002,0,-0.092,9.732
891032,0.008,-0.112,9.736
891062,0.046,-0.1,9.722
891092,0.04,-0.114,9.69
891122,0.01,-0.114,9.76
891152,0,-0.092,9.738
891182,0.036,-0.1,9.74
891212,0.026,-0.12,9.754
891242,0.044,-0.102,9.73
891272,0.014,-0.106,9.736
891303,0.01,-0.106,9.73
891333,0.018,-0.11,9.75
891363,0.014,-0.106,9.718
891393,0.034,-0.108,9.736
891423,0.044,-0.104,9.748
891453,0.02,-0.11,9.726
891483,0,-0.1,9.742
891513,0.044,-0.108,9.736
891543,0.02,-0.118,9.746
891573,0.018,-0.096,9.714
891604,0.008,-0.126,9.724
891634,0.01,-0.106,9.736
891664,0.02,-0.104,9.738
891694,0.004,-0.114,9.734
891724,0.024,-0.118,9.746
891754,0.022,-0.108,9.744
891784,0.014,-0.116,9.736
891814,0.024,-0.116,9.742
891844,0.01,-0.104,9.754
891874,0.034,-0.106,9.73
891904,0.014,-0.11,9.748
891934,0.028,-0.098,9.748
891964,0.02,-0.104,9.732
891994,0.002,-0.118,9.738
892024,0.032,-0.114,9.71
892054,0.016,-0.108,9.718
892084,0.014,-0.1,9.748
892114,0.02,-0.106,9.708
892144,0,-0.122,9.738
892174,0.024,-0.12,9.738
892204,0.044,-0.116,9.738
892234,0.022,-0.124,9.736
892264,0.012,-0.086,9.744
892294,0.006,-0.088,9.738
892324,0.008,-0.122,9.752
892354,0.024,-0.11,9.766
892384,0.032,-0.126,9.762
892414,0.004,-0.12,9.768
892444,0.026,-0.11,9.736
892474,0.02,-0.098,9.736
892504,0.032,-0.096,9.732
892534,0.002,-0.124,9.754
892564,0.026,-0.11,9.746
892594,0.038,-0.112,9.744
892624,0.002,-0.13,9.754
892654,0.038,-0.094,9.736
892685,0.014,-0.118,9.734
892715,0.022,-0.128,9.778
892745,0.012,-0.112,9.73
892775,0.028,-0.1,9.744
892805,0.02,-0.13,9.712
892835,0.008,-0.118,9.72
892865,0.002,-0.072,9.748
892895,-0.006,-0.11,9.728
892925,0.032,-0.102,9.732
892955,0.062,-0.13,9.744
892985,0.03,-0.118,9.724
893015,0.002,-0.11,9.708
893045,-0.004,-0.08,9.75
893075,0.008,-0.098,9.736
893105,0.054,-0.124,9.73
893135,0.002,-0.1,9.676
893165,0,-0.108,9.646
893195,-0.008,-0.116,9.732
893225,0.018,-0.128,9.87
893255,0.044,-0.098,9.816
893285,0.03,-0.128,9.714
893315,-0.026,-0.08,9.738
893345,-0.012,-0.086,9.75
893375,0.014,-0.096,9.756
893405,0.036,-0.118,9.762
893435,0.036,-0.098,9.726
893465,0.006,-0.11,9.738
893496,-0.022,-0.098,9.756
893526,-0.002,-0.092,9.744
893556,0.04,-0.106,9.716
893586,0.02,-0.118,9.708
893616,0.046,-0.124,9.732
893646,-0.004,-0.088,9.742
893676,-0.03,-0.102,9.74
893706,0.038,-0.112,9.726
893736,0.034,-0.116,9.726
893766,0.022,-0.108,9.74
893796,0.002,-0.096,9.75
893826,0.004,-0.1,9.746
893856,0.01,-0.104,9.748
893886,0.02,-0.134,9.726
893916,0.022,-0.116,9.682
893946,0.01,-0.098,9.726
893976,0.006,-0.098,9.742
894006,0.03,-0.104,9.742
894036,0.038,-0.112,9.7
894066,0.034,-0.122,9.734
894097,0.016,-0.124,9.744
894127,0.018,-0.108,9.772
894157,0.026,-0.106,9.758
894187,0.052,-0.12,9.73
894217,0.002,-0.112,9.746
894247,-0.004,-0.12,9.748
894277,0.02,-0.108,9.738
894307,0.026,-0.122,9.732
894337,0.016,-0.11,9.728
894367,0.014,-0.106,9.734
894397,0.008,-0.088,9.744
894427,0,-0.122,9.742
894457,0.028,-0.106,9.73
894487,0.02,-0.106,9.706
894517,0.008,-0.132,9.726
894547,0.014,-0.124,9.732
894577,0.026,-0.104,9.742
894606,0,-0.1,9.734
894636,0.01,-0.106,9.754
894666,0.026,-0.084,9.714
894697,0.016,-0.114,9.738
894727,0.016,-0.112,9.724
894757,0.016,-0.11,9.724
894787,0.014,-0.102,9.75
894817,-0.002,-0.13,9.744
894847,0.024,-0.108,9.752
894877,0.024,-0.132,9.74
894908,0.006,-0.142,9.714
894938,0.014,-0.138,9.714
894968,0.02,-0.116,9.734
894997,-0.01,-0.144,9.726
895027,0.01,-0.142,9.72
895057,0.02,-0.116,9.724
895087,0.006,-0.13,9.738
895117,0.012,-0.128,9.734
895147,0.014,-0.142,9.73
895177,0.028,-0.142,9.76
895207,0.022,-0.124,9.74
895237,0.014,-0.106,9.762
895267,0.032,-0.128,9.756
895297,0.058,-0.118,9.758
895327,0.026,-0.138,9.726
895357,0.012,-0.114,9.75
895388,0.004,-0.14,9.726
895418,0.018,-0.128,9.752
895448,0.026,-0.126,9.736
895478,0.022,-0.104,9.726
895509,0.002,-0.112,9.736
895539,0.028,-0.114,9.742
895569,0.02,-0.116,9.728
895598,0.026,-0.104,9.736
895628,0.03,-0.128,9.726
895658,0.014,-0.13,9.72
895689,0.008,-0.13,9.72
895719,0.016,-0.124,9.73
895749,0.038,-0.122,9.732
895779,0.028,-0.128,9.754
895808,0.014,-0.104,9.73
895838,0.004,-0.126,9.736
895868,0.002,-0.128,9.744
895898,0.01,-0.128,9.736
895928,0.002,-0.104,9.728
895958,0.022,-0.112,9.738
895988,0.002,-0.13,9.732
896018,0.014,-0.13,9.73
896048,0.02,-0.112,9.748
896078,0.034,-0.124,9.718
896108,0.038,-0.118,9.736
896138,0.002,-0.114,9.72
896168,-0.006,-0.11,9.74
896199,0.01,-0.124,9.738
896229,0.028,-0.14,9.738
896259,0.042,-0.122,9.734
896289,0.008,-0.11,9.726
896319,0,-0.14,9.694
896349,0.014,-0.124,9.694
896379,0.042,-0.154,9.748
896409,0.036,-0.12,9.76
896439,-0.02,-0.122,9.746
896469,-0.002,-0.116,9.786
896499,0.04,-0.146,9.758
896529,0.04,-0.14,9.748
896559,0.012,-0.104,9.736
896589,-0.012,-0.106,9.744
896619,0.002,-0.112,9.726
896649,0.028,-0.13,9.742
896679,0.05,-0.128,9.714
896709,0.012,-0.138,9.714
896739,-0.002,-0.104,9.73
896769,0.008,-0.106,9.71
896799,0.032,-0.122,9.738
896829,0.01,-0.146,9.756
896859,0.034,-0.136,9.744
896890,-0.014,-0.124,9.736
896920,0.022,-0.14,9.736
896950,0.02,-0.142,9.748
896980,0.034,-0.15,9.76
897010,0.022,-0.14,9.738
897040,0.006,-0.118,9.718
897070,0.006,-0.128,9.73
897100,0.006,-0.116,9.72
897130,0.026,-0.118,9.748
897160,0.004,-0.134,9.75
897190,0.008,-0.13,9.732
897220,0.016,-0.108,9.73
897250,0.034,-0.128,9.75
897280,0.022,-0.13,9.756
897310,0,-0.112,9.756
897340,0.016,-0.112,9.768
897370,0.042,-0.14,9.752
897400,0.032,-0.128,9.768
897430,0.012,-0.118,9.734
897460,0.014,-0.13,9.74
897490,0.026,-0.112,9.754
897520,0.024,-0.14,9.756
897550,0.018,-0.118,9.732
897580,0.036,-0.14,9.732
897611,0,-0.106,9.728
897641,0.014,-0.134,9.748
897671,0.026,-0.136,9.712
897701,0.01,-0.136,9.734
897731,0.006,-0.134,9.744
897761,-0.008,-0.108,9.73
897862,0.026,-0.13,9.738
897892,0,-0.122,9.718
897922,0.032,-0.122,9.744
897952,0.02,-0.136,9.732
930679,0.018,-0.15,9.748
930709,0.026,-0.132,9.728
930739,0.014,-0.118,9.67
930769,0.004,-0.152,9.652
930799,0,-0.12,9.674
930829,0.062,-0.116,9.724
930859,0.028,-0.136,9.75
930889,0,-0.132,9.772
930919,0.034,-0.112,9.774
930949,0.026,-0.15,9.762
930979,0.004,-0.136,9.762
931009,-0.002,-0.08,9.756
931039,0.016,-0.128,9.762
931069,0.058,-0.148,9.75
931099,0.028,-0.138,9.736
931129,0,-0.154,9.702
931160,-0.026,-0.052,9.856
931190,0.084,-0.124,9.85
931220,-0.018,-0.214,9.452
931250,0.058,-0.122,9.502
931280,0.016,-0.076,9.748
931310,-0.002,-0.184,9.866
931340,-0.032,-0.14,9.784
931370,0.038,-0.05,9.828
931400,0.03,-0.154,9.898
931430,0.01,-0.172,9.81
931459,0.058,-0.086,9.712
931489,-0.038,-0.146,9.76
931519,0.032,-0.134,9.738
931549,0.036,-0.076,9.736
931580,0.026,-0.15,9.776
931610,-0.018,-0.152,9.73
931640,0.056,-0.106,9.732
931670,0.028,-0.114,9.754
931700,-0.006,-0.16,9.746
931730,0.028,-0.098,9.718
931760,0.034,-0.112,9.732
931790,0.002,-0.17,9.748
931820,0.006,-0.132,9.74
931851,0.038,-0.096,9.728
931881,-0.006,-0.156,9.744
931911,0.016,-0.124,9.744
931941,0.034,-0.104,9.748
931970,0,-0.152,9.73
932000,0.02,-0.116,9.732
932030,0.002,-0.102,9.718
932060,0.002,-0.122,9.746
932090,0.026,-0.136,9.768
932120,0.024,-0.134,9.736
932150,0.014,-0.132,9.744
932180,0.028,-0.128,9.74
932210,0.032,-0.042,9.748
932240,-0.088,-0.118,9.692
932270,-0.024,-0.162,9.654
932300,0.092,-0.106,9.738
932330,0.1,-0.186,9.808
932360,0,-0.148,9.744
932390,-0.058,-0.064,9.688
932420,-0.014,-0.12,9.78
932450,0.088,-0.152,9.87
932480,0.092,-0.11,9.756
932510,-0.022,-0.142,9.674
932540,-0.044,-0.088,9.722
932572,-0.008,-0.076,9.742
932602,0.058,-0.14,9.702
932632,0.044,-0.162,9.682
932661,0.064,-0.116,9.73
932691,-0.002,-0.08,9.756
932721,-0.036,-0.13,9.73
932751,0.032,-0.098,9.744
932781,0.078,-0.134,9.726
932811,0.012,-0.148,9.73
932841,0,-0.096,9.738
932871,0,-0.1,9.736
932901,0.004,-0.146,9.718
932931,0.046,-0.136,9.742
932961,0.036,-0.126,9.732
932991,0.008,-0.124,9.762
933021,-0.01,-0.142,9.756
933052,-0.016,-0.094,9.75
933082,0.028,-0.148,9.732
933112,0.026,-0.134,9.726
933142,0.062,-0.134,9.732
933172,0,-0.082,9.724
933202,0.008,-0.158,9.732
933232,0.004,-0.098,9.732
933261,0.028,-0.124,9.736
933291,0.02,-0.13,9.722
933321,-0.002,-0.142,9.758
933352,-0.006,-0.092,9.752
933382,0.016,-0.128,9.726
933412,0.034,-0.154,9.754
933442,0.032,-0.14,9.724
933472,0.02,-0.128,9.752
933502,0.006,-0.096,9.706
933532,0.002,-0.13,9.738
933562,0.024,-0.132,9.75
933592,0.034,-0.128,9.738
933622,0,-0.11,9.738
933652,0.002,-0.11,9.712
933682,0.006,-0.106,9.734
933712,0.006,-0.12,9.73
933742,0.024,-0.094,9.736
933772,0.02,-0.124,9.746
933802,0.012,-0.126,9.73
933832,0.03,-0.126,9.726
933863,0.006,-0.118,9.736
933893,0.026,-0.148,9.712
933923,0.02,-0.116,9.74
933953,-0.014,-0.108,9.75
933983,0.014,-0.136,9.744
934013,0.004,-0.118,9.744
934043,0.038,-0.13,9.72
934073,0.02,-0.126,9.738
934103,0.008,-0.138,9.742
934133,0,-0.088,9.736
934163,0.024,-0.15,9.726
934193,0.012,-0.138,9.76
934223,0.028,-0.134,9.742
934254,0,-0.124,9.734
934284,0.012,-0.12,9.73
934314,0.018,-0.138,9.75
934344,0.02,-0.124,9.72
934373,0.016,-0.128,9.71
934403,0,-0.13,9.702
934433,0.024,-0.14,9.718
934463,0.01,-0.118,9.72
934493,0.036,-0.13,9.718
934523,0.018,-0.128,9.748
934554,0.016,-0.118,9.742
934584,0.016,-0.1,9.752
934614,0.018,-0.128,9.726
934644,0.002,-0.14,9.74
934674,0.028,-0.128,9.72
934704,0.01,-0.124,9.738
934734,0.01,-0.116,9.744
934764,-0.002,-0.112,9.746
934794,0.002,-0.134,9.756
934824,0.032,-0.126,9.736
934854,0.022,-0.124,9.72
934884,0.01,-0.128,9.728
934914,0.012,-0.112,9.724
934944,0.01,-0.126,9.756
934974,0.026,-0.134,9.752
935004,0.004,-0.146,9.744
935034,0,-0.12,9.746
935064,0.01,-0.114,9.754
935094,0.016,-0.14,9.73
935124,0.016,-0.136,9.732
935154,0.02,-0.122,9.744
935184,0.01,-0.14,9.73
935214,-0.002,-0.104,9.742
935244,0.02,-0.14,9.732
935274,0.038,-0.144,9.726
935304,0.014,-0.128,9.748
935334,0.004,-0.12,9.726
935365,0.022,-0.122,9.738
935395,0.018,-0.122,9.744
935425,0.022,-0.12,9.754
935454,0.03,-0.128,9.736
935484,0.008,-0.132,9.748
935514,0.002,-0.128,9.732
935544,0.024,-0.116,9.718
935574,0.022,-0.118,9.75
935604,0.028,-0.13,9.74
935634,0.016,-0.116,9.732
935664,0.022,-0.114,9.742
935694,0.034,-0.142,9.724
935724,0.002,-0.128,9.71
935754,0.028,-0.13,9.712
935784,0.014,-0.106,9.748
935814,0.014,-0.128,9.744
935844,0.014,-0.116,9.746
935874,0.022,-0.14,9.722
935904,0.014,-0.13,9.732
935934,0.03,-0.12,9.736
935965,0.024,-0.144,9.732
935995,0,-0.132,9.74
936025,-0.004,-0.118,9.726
936054,0.008,-0.132,9.728
936084,0.03,-0.114,9.726
936114,0.038,-0.122,9.756
936144,0.022,-0.132,9.75
936174,0.002,-0.13,9.726
936204,0.012,-0.112,9.746
936234,0.014,-0.106,9.738
936266,0.028,-0.13,9.738
936296,0.008,-0.122,9.752
936326,0.008,-0.094,9.742
936355,0.004,-0.112,9.74
936385,0.008,-0.124,9.734
936415,0.016,-0.12,9.766
936445,0.026,-0.124,9.738
936475,0.002,-0.112,9.728
936505,0.004,-0.124,9.72
936535,0.01,-0.128,9.712
936565,0.02,-0.138,9.738
936595,0.016,-0.136,9.744
936625,0.012,-0.126,9.73
936655,0.026,-0.146,9.736
936685,0.018,-0.13,9.734
936715,0.04,-0.128,9.744
936745,0.004,-0.116,9.738
936775,0.04,-0.14,9.738
936805,0.008,-0.118,9.764
936835,0.002,-0.138,9.732
936865,0,-0.116,9.738
936895,0.014,-0.122,9.732
936925,0.004,-0.128,9.742
936956,0.014,-0.136,9.738
936986,0.016,-0.13,9.738
937016,0.02,-0.106,9.702
937046,0.014,-0.124,9.732
937076,0.02,-0.118,9.736
937106,0,-0.11,9.72
937136,0.018,-0.12,9.748
937167,0.012,-0.124,9.75
937197,0.01,-0.124,9.736
937227,0.014,-0.118,9.732
937256,0.018,-0.13,9.742
937286,0.004,-0.124,9.748
937316,0.004,-0.114,9.734
937346,0.016,-0.14,9.732
937376,0.01,-0.118,9.724
937406,0.02,-0.106,9.738
937436,-0.002,-0.124,9.716
937466,0.02,-0.136,9.718
937496,0.032,-0.122,9.75
937526,0.018,-0.122,9.726
937556,0.002,-0.116,9.754
937586,-0.002,-0.134,9.72
937616,0.014,-0.138,9.732
937646,0.03,-0.114,9.726
937676,0.004,-0.134,9.738
937706,0.018,-0.116,9.742
937736,0.02,-0.126,9.732
937767,0.02,-0.13,9.73
937797,0.016,-0.138,9.732
937827,0.008,-0.122,9.742
937857,0.01,-0.128,9.76
937887,0.004,-0.142,9.726
937917,0.014,-0.14,9.716
937947,0.036,-0.118,9.738
937977,0.02,-0.12,9.718
938007,0.016,-0.124,9.724
938037,0.022,-0.106,9.736
938067,0.008,-0.132,9.74
938097,0.016,-0.134,9.73
938127,0,-0.12,9.738
938157,0.018,-0.124,9.726
938187,0.024,-0.11,9.726
938217,0.006,-0.114,9.716
938247,0.014,-0.124,9.742
938278,0.014,-0.116,9.736
938308,0.002,-0.114,9.748
938338,0.022,-0.112,9.72
938367,0.02,-0.114,9.748
938397,0.02,-0.104,9.726
938427,0.044,-0.098,9.724
938457,0.022,-0.094,9.748
938487,0.032,-0.106,9.75
938517,0.026,-0.11,9.746
938547,0.014,-0.12,9.728
938578,0.022,-0.094,9.736
938608,0.002,-0.098,9.734
938638,0.024,-0.114,9.714
938668,0.016,-0.112,9.734
938698,0.014,-0.096,9.726
938728,0.036,-0.098,9.748
938758,0.02,-0.118,9.728
938788,0,-0.108,9.714
938818,0.026,-0.106,9.708
938848,0.016,-0.11,9.75
938878,0.03,-0.092,9.718
938908,0.022,-0.106,9.738
938938,0.038,-0.1,9.748
938968,0.026,-0.092,9.72
938998,0.016,-0.102,9.738
939028,0.016,-0.118,9.714
939058,0,-0.114,9.74
939088,0.014,-0.112,9.718
939118,0.028,-0.092,9.734
939148,0.012,-0.112,9.74
939179,0.016,-0.1,9.718
939209,0.008,-0.092,9.744
939239,0.038,-0.106,9.726
939268,0.008,-0.112,9.742
939298,0.012,-0.11,9.734
939328,0.002,-0.098,9.752
939358,0.006,-0.106,9.76
939388,-0.002,-0.11,9.742
939418,0.028,-0.106,9.718
939448,0.006,-0.114,9.744
939478,0.016,-0.106,9.744
939508,0.01,-0.098,9.736
939538,0.004,-0.106,9.738
939568,0.02,-0.11,9.732
939598,0.022,-0.126,9.728
939628,0.04,-0.114,9.734
939658,0,-0.106,9.744
939688,0.016,-0.104,9.75
939718,0.03,-0.106,9.742
939748,0.03,-0.118,9.744
939778,0.028,-0.11,9.708
939808,0.008,-0.088,9.718
939838,0.026,-0.124,9.734
939869,0.022,-0.104,9.76
939899,0.02,-0.11,9.73
939929,0.036,-0.098,9.736
939958,0.028,-0.096,9.732
939988,0.024,-0.114,9.734
940018,0.01,-0.114,9.718
940048,0.012,-0.092,9.734
940078,0.012,-0.128,9.74
940108,0.006,-0.112,9.748
940138,0,-0.104,9.732
940168,0.006,-0.112,9.75
940198,0.022,-0.112,9.714
940228,0.014,-0.114,9.714
940260,0.014,-0.108,9.766
940290,0.02,-0.096,9.73
940320,0.04,-0.122,9.73
940349,0.038,-0.1,9.726
940379,-0.002,-0.104,9.706
940409,0.014,-0.112,9.734
940439,0.036,-0.116,9.76
940469,0.012,-0.112,9.722
940499,0.022,-0.124,9.714
940529,0.02,-0.136,9.726
940559,0.012,-0.102,9.752
940589,0.022,-0.116,9.736
940619,0.004,-0.098,9.738
940649,0.016,-0.104,9.744
940679,0.022,-0.106,9.708
940709,0.008,-0.106,9.73
940739,0.004,-0.11,9.742
940769,0.01,-0.112,9.736
940799,0.01,-0.094,9.74
940829,-0.01,-0.106,9.738
940859,0.014,-0.11,9.74
940889,0.012,-0.08,9.726
940919,0.014,-0.12,9.732
940950,0.016,-0.116,9.724
940980,0.028,-0.1,9.73
941010,0.026,-0.098,9.756
941040,0,-0.094,9.736
941071,0.002,-0.1,9.732
941101,0.022,-0.102,9.728
941131,0.022,-0.106,9.72
941160,-0.004,-0.082,9.744
941190,0.016,-0.118,9.726
941220,0,-0.1,9.726
941251,0.032,-0.106,9.746
941281,-0.002,-0.112,9.726
941311,0.022,-0.11,9.736
941341,0.018,-0.086,9.738
941371,0.022,-0.116,9.75
941401,0.028,-0.118,9.756
941431,0.018,-0.118,9.744
941460,0.014,-0.104,9.724
941490,0.016,-0.11,9.732
941520,0.02,-0.108,9.73
941551,0.014,-0.092,9.738
941581,0.022,-0.116,9.72
941611,0.02,-0.104,9.736
941641,0.004,-0.112,9.746
941671,0.014,-0.106,9.724
941701,0.016,-0.116,9.724
941731,0.012,-0.112,9.718
941761,0.01,-0.112,9.766
941791,0.006,-0.124,9.758
941821,0.022,-0.118,9.73
941851,0.008,-0.118,9.734
941881,0.022,-0.112,9.732
941911,0.002,-0.116,9.712
941941,0.002,-0.094,9.73
941971,0,-0.094,9.744
942001,0.016,-0.086,9.724
942031,0.038,-0.112,9.726
942061,0.026,-0.122,9.73
942091,0,-0.122,9.726
942121,-0.002,-0.116,9.726
942151,0.016,-0.1,9.742
942181,0.022,-0.114,9.748
942211,0.028,-0.11,9.724
942241,0.022,-0.134,9.736
942271,0.01,-0.116,9.732
942301,0.008,-0.094,9.718
942331,0.026,-0.094,9.748
942362,0,-0.118,9.746
942392,0.018,-0.106,9.732
942422,0.01,-0.104,9.724
942452,0.018,-0.116,9.748
942482,0.016,-0.114,9.73
942512,0.04,-0.124,9.72
942542,0.022,-0.11,9.728
942572,0.034,-0.118,9.738
942602,0.022,-0.11,9.758
942632,0.026,-0.11,9.742
942662,0.022,-0.118,9.744
942692,0.026,-0.118,9.738
942722,0.022,-0.11,9.75
942752,0.024,-0.1,9.748
942782,0.03,-0.114,9.726
942812,0.018,-0.116,9.748
942842,0.014,-0.104,9.706
942872,0.024,-0.108,9.738
942902,0.006,-0.112,9.726
942932,0.016,-0.104,9.736
942962,0.012,-0.104,9.714
942992,0.012,-0.116,9.748
943022,0.02,-0.106,9.738
943053,0.036,-0.112,9.736
943083,0.002,-0.082,9.716
943113,0.016,-0.124,9.736
943143,0.014,-0.136,9.75
943173,0.02,-0.11,9.77
943203,0.02,-0.076,9.732
943233,0.008,-0.104,9.704
943263,0.016,-0.152,9.75
943293,-0.016,-0.1,9.74
943323,0.038,-0.104,9.744
943353,0.002,-0.114,9.714
943383,0.014,-0.156,9.732
943413,0,-0.082,9.75
943443,0.018,-0.128,9.766
943472,-0.014,-0.11,9.722
943502,0.016,-0.088,9.732
943532,0.028,-0.11,9.744
943563,0.05,-0.124,9.76
943593,0.02,-0.1,9.754
943623,0.01,-0.086,9.77
943652,0.002,-0.106,9.744
943682,0.028,-0.102,9.73
943712,0.03,-0.114,9.754
943742,0.022,-0.09,9.734
943773,0.016,-0.114,9.712
943803,0.032,-0.092,9.756
943833,0.038,-0.128,9.75
943863,0.02,-0.13,9.76
943893,0.014,-0.094,9.75
943923,-0.008,-0.112,9.76
943953,0.002,-0.128,9.732
943983,0.026,-0.104,9.734
944013,0.026,-0.122,9.708
944043,0.008,-0.122,9.722
944073,-0.01,-0.074,9.736
944103,0.014,-0.098,9.726
944133,0.028,-0.118,9.71
944163,0.036,-0.122,9.726
944193,0,-0.098,9.732
944223,-0.002,-0.1,9.704
944254,0,-0.098,9.738
944284,0.006,-0.094,9.76
944314,0.028,-0.094,9.748
944344,0.012,-0.118,9.736
944373,0.008,-0.104,9.726
944403,0.022,-0.092,9.752
944433,0.02,-0.11,9.718
944464,0.004,-0.092,9.738
944494,0.02,-0.108,9.76
944524,0.002,-0.112,9.726
944553,0.022,-0.13,9.718
944583,0.01,-0.116,9.738
944613,0.014,-0.11,9.756
944643,0.004,-0.12,9.736
944673,0.02,-0.096,9.722
944703,0.016,-0.11,9.734
944733,0.032,-0.11,9.726
944764,0.002,-0.092,9.742
944794,0.014,-0.114,9.732
944824,-0.002,-0.106,9.744
944853,-0.008,-0.08,9.76
944883,0.02,-0.11,9.71
944913,0.004,-0.104,9.752
944943,0.006,-0.1,9.742
944973,0.02,-0.098,9.734
945003,0.008,-0.102,9.726
945033,0.034,-0.1,9.748
945064,0.038,-0.104,9.738
945094,0.018,-0.112,9.728
945124,-0.016,-0.12,9.74
945154,0.004,-0.102,9.73
945184,0.038,-0.11,9.738
945214,0.01,-0.11,9.716
945244,0.026,-0.096,9.742
945275,0.016,-0.106,9.734
945305,0,-0.102,9.742
945335,0,-0.118,9.74
945364,0.03,-0.11,9.726
945394,0.008,-0.116,9.73
945424,0.026,-0.118,9.746
945454,0.014,-0.12,9.732
945484,0.006,-0.118,9.744
945514,0.026,-0.112,9.738
945544,0.004,-0.112,9.748
945574,0.016,-0.106,9.732
945604,0.016,-0.116,9.736
945634,0.02,-0.104,9.744
945665,-0.004,-0.094,9.736
945695,0.028,-0.098,9.738
945725,0.002,-0.11,9.742
945755,0.016,-0.11,9.732
945785,0.024,-0.1,9.726
945815,0.022,-0.116,9.73
945845,0.016,-0.086,9.748
945875,0.02,-0.108,9.724
945905,0.028,-0.112,9.74
945935,0.014,-0.1,9.76
945965,0.002,-0.11,9.734
945995,0.022,-0.112,9.738
946025,0.016,-0.098,9.734
946055,0.024,-0.12,9.732
946085,0.01,-0.112,9.712
946115,0.014,-0.1,9.762
946145,0.02,-0.096,9.728
946175,0.008,-0.108,9.756
946205,0.02,-0.104,9.712
946235,-0.002,-0.124,9.73
946265,0.026,-0.12,9.738
946295,0.022,-0.112,9.754
946325,0.006,-0.1,9.73
946355,0.016,-0.088,9.752
946385,0.02,-0.094,9.73
946415,0.014,-0.118,9.76
946445,0.012,-0.104,9.674
946475,0.006,-0.128,9.634
946505,-0.004,-0.13,9.688
946535,0.004,-0.102,9.878
946565,0.05,-0.028,9.744
946595,0.062,-0.062,9.808
946625,-0.058,-0.22,9.724
946656,0.008,-0.062,9.718
946686,0.02,0.008,9.778
946716,-0.026,-0.174,9.758
946746,0.044,-0.14,9.736
946775,0.088,-0.022,9.71
946805,-0.004,-0.126,9.754
946835,-0.07,-0.126,9.76
946866,0.044,-0.046,9.726
946896,0.066,-0.098,9.722
946926,0.024,-0.202,9.744
946956,0.034,-0.068,9.744
946986,0.022,-0.034,9.742
947016,-0.048,-0.166,9.744
947046,0.064,-0.086,9.762
947077,0.06,-0.07,9.742
947107,-0.012,-0.19,9.726
947137,0.002,-0.128,9.714
947167,0.028,-0.038,9.72
947197,-0.028,-0.152,9.72
947227,0.032,-0.144,9.736
947256,0.046,-0.072,9.766
947286,0.008,-0.128,9.778
947316,-0.002,-0.132,9.762
947347,0.006,-0.062,9.756
947377,0.012,-0.106,9.752
947407,0.008,-0.158,9.74
947437,0.038,-0.076,9.718
947467,-0.01,-0.098,9.738
947497,-0.01,-0.142,9.748
947527,0.034,-0.088,9.752
947557,0.07,-0.12,9.75
947587,0.006,-0.132,9.726
947617,-0.004,-0.076,9.714
947647,0.032,-0.092,9.726
947677,0.002,-0.134,9.726
947707,0.026,-0.118,9.712
947737,0.042,-0.088,9.74
947767,0.014,-0.122,9.732
947797,-0.006,-0.108,9.748
947827,0.01,-0.114,9.712
947857,0.002,-0.118,9.688
947887,0.026,-0.128,9.716
947917,0.004,-0.106,9.742
947947,0.016,-0.094,9.722
947977,0.02,-0.136,9.668
948007,0.042,-0.118,9.708
948037,0.026,-0.088,9.782
948067,-0.008,-0.092,9.744
948097,0.002,-0.11,9.708
948127,0.016,-0.118,9.706
948157,0.03,-0.124,9.756
948187,0.01,-0.122,9.75
948217,0.02,-0.116,9.724
948248,0.004,-0.086,9.726
948278,0.032,-0.12,9.748
948308,0.052,-0.104,9.724
948338,0.046,-0.124,9.714
948368,0.004,-0.104,9.726
948398,-0.004,-0.1,9.718
948428,0,-0.092,9.744
948457,0.036,-0.132,9.734
948487,0.066,-0.118,9.72
948517,0.026,-0.122,9.74
948547,-0.016,-0.102,9.762
948577,-0.004,-0.12,9.754
948607,0.03,-0.138,9.744
948637,0.026,-0.122,9.754
948667,0.028,-0.124,9.742
948697,0.008,-0.116,9.756
948727,0.018,-0.128,9.722
948758,0.002,-0.118,9.736
948788,0.046,-0.13,9.736
948818,0.038,-0.13,9.73
948848,0.008,-0.122,9.744
948878,0.008,-0.116,9.742
948908,0.012,-0.12,9.748
948938,0.032,-0.144,9.75
948968,0.018,-0.166,9.756
948998,-0.006,-0.106,9.738
949028,0.022,-0.134,9.746
949058,0.002,-0.12,9.718
949088,0.014,-0.128,9.718
949118,0.026,-0.11,9.732
949148,0.024,-0.148,9.732
949178,0.002,-0.11,9.748
949208,0.014,-0.122,9.746
949238,0.014,-0.13,9.73
949268,0.016,-0.126,9.734
949298,0.016,-0.136,9.706
949328,0.028,-0.128,9.742
949358,0.02,-0.14,9.738
949388,0.024,-0.112,9.724
949418,0.032,-0.104,9.748
949448,0.012,-0.13,9.742
949478,0.004,-0.13,9.744
949508,0.016,-0.122,9.732
949538,0.028,-0.142,9.732
949569,-0.004,-0.128,9.736
949599,0.018,-0.136,9.726
949629,0,-0.124,9.732
949659,0.004,-0.134,9.724
949689,0.02,-0.13,9.746
949719,0.022,-0.136,9.744
949749,0.004,-0.136,9.746
949779,0.004,-0.138,9.726
949809,0.006,-0.128,9.73
949839,0.038,-0.116,9.726
949869,0.014,-0.13,9.738
949899,0.016,-0.102,9.74
949929,0.024,-0.118,9.73
949959,0.01,-0.104,9.736
949989,0.022,-0.136,9.724
950019,0.02,-0.118,9.726
950049,0.022,-0.114,9.74
950079,0.016,-0.126,9.724
950109,0,-0.116,9.754
950139,0.006,-0.116,9.764
950169,0.022,-0.13,9.738
950199,0.024,-0.136,9.736
950229,0.01,-0.13,9.756
950259,0.022,-0.118,9.746
950289,0.018,-0.116,9.736
950319,0.012,-0.124,9.748
950349,0.008,-0.116,9.718
950379,0.004,-0.112,9.742
950409,0,-0.13,9.724
950439,0.014,-0.13,9.72
950470,0.028,-0.116,9.74
950500,0.026,-0.124,9.738
950530,0.01,-0.126,9.734
950560,0.006,-0.134,9.734
950590,0.02,-0.118,9.738
950620,0.032,-0.114,9.736
950650,0.002,-0.118,9.728
950680,0.02,-0.128,9.734
950710,-0.002,-0.116,9.756
950740,0,-0.11,9.736
950770,0.018,-0.122,9.726
950800,0,-0.122,9.73
950830,0.022,-0.146,9.736
950860,0,-0.134,9.724
950890,0.026,-0.138,9.722
950920,0.02,-0.142,9.732
950950,0.012,-0.124,9.748
950980,0.02,-0.14,9.726
951010,0.024,-0.132,9.744
951040,0.018,-0.134,9.756
951070,0.04,-0.134,9.75
951100,0.026,-0.142,9.738
951130,0.018,-0.132,9.742
951160,0.004,-0.118,9.736
951190,0.02,-0.134,9.73
951220,0.008,-0.124,9.744
951250,0.02,-0.136,9.726
951280,0.022,-0.124,9.742
951310,0.02,-0.122,9.72
951340,0.02,-0.128,9.744
951371,0.002,-0.134,9.748
951401,0.02,-0.114,9.748
951431,0,-0.118,9.742
951461,0.012,-0.126,9.746
951491,0.02,-0.11,9.746
951521,0.03,-0.128,9.73
951551,0.02,-0.112,9.738
951581,0.004,-0.124,9.764
951611,0,-0.118,9.762
951641,0.022,-0.112,9.742
951671,0.032,-0.126,9.74
951701,0.026,-0.134,9.732
951731,0.022,-0.104,9.734
951761,0.006,-0.132,9.724
951791,0.008,-0.12,9.728
951821,0.018,-0.134,9.72
951851,0.018,-0.128,9.762
951881,0.02,-0.108,9.742
951911,-0.008,-0.086,9.766
951941,0,-0.116,9.732
951972,0.012,-0.124,9.736
952002,0.026,-0.126,9.73
952032,0.008,-0.114,9.726
952062,-0.018,-0.122,9.718
952092,-0.002,-0.122,9.724
952122,0.02,-0.118,9.738
952151,0.034,-0.124,9.73
952181,0.014,-0.11,9.74
952211,0.002,-0.116,9.726
952241,0.012,-0.112,9.722
952272,0.01,-0.128,9.736
952302,0.014,-0.124,9.74
952332,0.004,-0.114,9.722
952361,0.05,-0.11,9.754
952391,0.004,-0.116,9.74
952421,0.036,-0.132,9.736
952451,0.016,-0.112,9.706
952481,0.02,-0.112,9.738
952511,0.018,-0.128,9.716
952541,0.074,-0.134,9.76
952572,-0.004,-0.124,9.752
952602,-0.03,-0.08,9.738
952632,0.026,-0.098,9.7
952662,0.05,-0.146,9.706
952692,0.06,-0.172,9.72
952722,0,-0.08,9.748
952752,-0.032,-0.11,9.724
952782,-0.036,-0.136,9.744
952812,0.062,-0.124,9.726
952842,0.076,-0.138,9.78
952872,-0.02,-0.134,9.724
952902,-0.014,-0.112,9.734
952932,-0.002,-0.082,9.738
952962,0.062,-0.186,9.75
952992,0.078,-0.14,9.724
953022,-0.01,-0.092,9.714
953052,-0.038,-0.096,9.768
953082,-0.052,-0.096,9.736
953112,0.084,-0.13,9.734
953142,0.1,-0.142,9.76
953172,0.026,-0.192,9.752
953202,-0.068,-0.028,9.736
953232,-0.022,-0.088,9.73
953263,0.03,-0.16,9.732
953293,0.114,-0.192,9.736
953323,0.032,-0.088,9.758
953354,-0.048,-0.098,9.72
953384,-0.02,-0.092,9.754
953414,0.12,-0.126,9.76
953444,0.04,-0.162,9.732
953473,-0.038,-0.104,9.736
953503,0.002,-0.05,9.732
953533,-0.01,-0.098,9.736
953563,0.048,-0.162,9.75
953593,0.038,-0.064,9.726
953623,0.018,-0.106,9.712
953653,-0.05,-0.12,9.742
953683,0.05,-0.116,9.75
953713,0.04,-0.1,9.752
953743,-0.06,-0.128,9.742
953773,0.02,-0.106,9.736
953803,0.074,-0.104,9.732
953833,0.008,-0.168,9.744
953863,-0.004,-0.076,9.738
953893,0.028,-0.096,9.75
953923,0.028,-0.152,9.732
953953,0.082,-0.166,9.726
953983,-0.022,-0.052,9.74
954013,-0.014,-0.112,9.73
954043,0.022,-0.158,9.736
954074,0.038,-0.128,9.714
954104,0.008,-0.136,9.748
954134,-0.022,-0.094,9.728
954164,0.052,-0.124,9.738
954194,0.03,-0.14,9.736
954224,-0.02,-0.13,9.722
954254,0.01,-0.1,9.72
954284,0.04,-0.15,9.738
954314,0.004,-0.16,9.75
954344,-0.01,-0.076,9.75
954375,0.006,-0.126,9.736
954405,0.038,-0.17,9.748
954435,-0.004,-0.13,9.736
954465,0.012,-0.08,9.728
954495,0.004,-0.122,9.732
954525,-0.004,-0.17,9.732
954555,0.034,-0.122,9.74
954585,0.014,-0.084,9.736
954615,0.052,-0.174,9.732
954645,-0.038,-0.098,9.748
954675,0.036,-0.07,9.73
954705,0.042,-0.158,9.714
954735,0.004,-0.19,9.72
954765,0.036,-0.092,9.738
954795,-0.022,-0.128,9.716
954825,0.062,-0.166,9.72
954854,0.07,-0.11,9.748
954884,0.04,-0.12,9.732
954914,-0.052,-0.11,9.716
954945,0.002,-0.1,9.752
954975,0,-0.086,9.742
955005,0.036,-0.186,9.73
955035,0.034,-0.12,9.722
955065,0.04,-0.086,9.728
955095,-0.028,-0.104,9.728
955125,-0.02,-0.118,9.74
955155,0.04,-0.11,9.74
955185,0.032,-0.13,9.742
955215,0.012,-0.154,9.724
955245,-0.02,-0.092,9.722
955275,0.016,-0.13,9.738
955305,0.008,-0.136,9.732
955335,0.076,-0.118,9.74
955365,-0.006,-0.114,9.708
955395,-0.012,-0.148,9.744
955425,-0.008,-0.122,9.726
955455,0.044,-0.116,9.748
955485,0.022,-0.146,9.72
955515,0.012,-0.148,9.73
955545,0,-0.11,9.724
955575,-0.016,-0.124,9.742
955605,0.026,-0.128,9.742
955635,0.042,-0.11,9.724
955665,0.048,-0.142,9.754
955695,-0.008,-0.126,9.742
955725,0,-0.114,9.72
955755,-0.006,-0.126,9.738
955785,0.006,-0.142,9.738
955815,0.04,-0.122,9.726
955846,0.022,-0.15,9.744
955876,0.006,-0.114,9.732
955906,0.018,-0.122,9.726
955936,0.004,-0.118,9.754
955965,0.014,-0.1,9.708
955995,0.04,-0.112,9.726
956025,0.028,-0.128,9.73
956056,0,-0.14,9.736
956086,-0.014,-0.092,9.708
956116,0.016,-0.122,9.72
956145,0.032,-0.148,9.742
956175,0.004,-0.106,9.724
956205,0,-0.104,9.742
956235,0,-0.13,9.73
956266,0.046,-0.166,9.742
956296,0.02,-0.15,9.748
956326,-0.042,-0.102,9.722
956355,-0.004,-0.116,9.728
956385,0.024,-0.112,9.732
956415,0.074,-0.174,9.734
956446,0.014,-0.136,9.724
956476,-0.008,-0.118,9.748
956506,-0.08,-0.078,9.73
956536,0.028,-0.13,9.746
956566,0.07,-0.136,9.744
956596,0.092,-0.176,9.726
956626,-0.078,-0.07,9.724
956655,-0.002,-0.076,9.736
956685,0.024,-0.136,9.714
956715,0.092,-0.186,9.73
956746,0.062,-0.13,9.738
956776,-0.036,-0.084,9.734
956806,-0.044,-0.134,9.762
956836,0.024,-0.096,9.72
956867,0.078,-0.164,9.728
956897,0.028,-0.136,9.73
956927,0.026,-0.128,9.736
956956,-0.03,-0.092,9.748
956986,-0.012,-0.13,9.738
957016,0.046,-0.13,9.74
957046,0.058,-0.134,9.724
957076,-0.002,-0.126,9.732
957106,-0.022,-0.128,9.75
957136,0.018,-0.088,9.73
957166,0.05,-0.144,9.736
957196,0.05,-0.146,9.766
957226,0,-0.1,9.72
957257,-0.018,-0.12,9.748
957287,-0.012,-0.12,9.724
957317,0.05,-0.126,9.738
957347,0.05,-0.118,9.738
957377,0.014,-0.13,9.742
957407,-0.026,-0.064,9.746
957437,-0.04,-0.096,9.73
957468,0.004,-0.128,9.736
957498,0.098,-0.15,9.766
957528,0.026,-0.128,9.736
957557,-0.02,-0.104,9.754
957587,-0.036,-0.07,9.732
957617,0.022,-0.114,9.718
957647,0.062,-0.156,9.734
957677,0.008,-0.094,9.744
957707,0,-0.098,9.754
957737,-0.01,-0.134,9.742
957767,-0.034,-0.142,9.754
957797,0.034,-0.106,9.734
957827,0.038,-0.146,9.744
957857,0.064,-0.168,9.746
957887,-0.036,-0.068,9.724
957917,0.016,-0.084,9.74
957948,0.026,-0.144,9.714
957978,0.012,-0.138,9.714
958008,0.006,-0.088,9.736
958038,-0.002,-0.128,9.744
958068,-0.016,-0.166,9.732
958098,-0.008,-0.058,9.712
958128,0.086,-0.162,9.72
958158,-0.004,-0.14,9.754
958188,0.016,-0.14,9.74
958218,-0.016,-0.046,9.724
958248,0.034,-0.154,9.732
958278,0.058,-0.158,9.734
958308,0.002,-0.076,9.714
958338,0.032,-0.13,9.752
958368,-0.034,-0.134,9.724
958398,0.01,-0.124,9.748
958428,0,-0.082,9.72
958458,0.036,-0.176,9.726
958488,0.022,-0.124,9.742
958518,-0.018,-0.088,9.738
958548,0.012,-0.108,9.738
958578,0.038,-0.138,9.732
958608,0.018,-0.134,9.748
958638,0.004,-0.11,9.724
958669,-0.036,-0.114,9.754
958699,0.032,-0.136,9.708
958729,0.008,-0.146,9.73
958759,0.002,-0.11,9.742
958789,-0.004,-0.13,9.732
958819,-0.006,-0.146,9.732
958849,0.018,-0.136,9.728
958879,0.026,-0.132,9.76
958909,0.038,-0.134,9.732
958939,0,-0.116,9.744
958969,-0.05,-0.102,9.724
958999,0.038,-0.134,9.734
959029,0.006,-0.13,9.736
959059,0.032,-0.152,9.708
959089,0.014,-0.1,9.714
959119,0.004,-0.124,9.724
959149,0.026,-0.15,9.752
959179,-0.004,-0.106,9.744
959209,-0.008,-0.094,9.752
959239,0.052,-0.146,9.744
959269,0.02,-0.134,9.738
959299,0.016,-0.116,9.732
959329,0.002,-0.102,9.728
959359,0.03,-0.146,9.698
959389,0.046,-0.122,9.734
959419,-0.02,-0.1,9.714
959450,0.016,-0.118,9.74
959480,0.02,-0.146,9.73
959510,0.032,-0.124,9.726
959540,0.034,-0.116,9.75
959570,0.018,-0.114,9.746
959600,0.038,-0.128,9.756
959630,-0.006,-0.144,9.726
959660,0.01,-0.094,9.734
959690,0.038,-0.122,9.746
959720,0.01,-0.124,9.738
959750,0.032,-0.148,9.76
959780,0.018,-0.106,9.748
959810,0.038,-0.142,9.742
959840,0.034,-0.118,9.724
959870,0.004,-0.136,9.744
959900,-0.01,-0.12,9.714
959930,0.034,-0.142,9.738
959959,0.008,-0.112,9.722
959989,0.022,-0.142,9.732
960019,-0.008,-0.082,9.704
960050,0.034,-0.122,9.72
960080,0.038,-0.154,9.75
960110,-0.028,-0.116,9.712
960140,0.022,-0.118,9.726
960171,0.018,-0.15,9.72
960201,0.024,-0.13,9.756
960231,0.022,-0.122,9.748
960260,-0.004,-0.122,9.726
960290,0.022,-0.16,9.738
960320,0.02,-0.118,9.726
960350,0.012,-0.11,9.738
960380,-0.016,-0.134,9.754
960410,0.02,-0.098,9.738
960440,0.016,-0.11,9.746
960471,0.028,-0.148,9.754
960501,0.03,-0.118,9.734
960531,0.014,-0.11,9.734
960560,0.002,-0.158,9.746
960590,0.008,-0.144,9.72
960620,0.026,-0.124,9.718
960650,-0.004,-0.116,9.752
960680,0.016,-0.14,9.752
960710,0.012,-0.118,9.738
960740,0.004,-0.134,9.744
960771,0.01,-0.142,9.732
960801,0.022,-0.13,9.742
960831,0.012,-0.124,9.714
960861,0.018,-0.136,9.718
960891,0.028,-0.112,9.738
960921,0.018,-0.138,9.734
960951,0.022,-0.14,9.738
960981,0.026,-0.126,9.746
961011,0.022,-0.122,9.746
961041,0.004,-0.146,9.75
961071,0.018,-0.136,9.75
961101,0.016,-0.116,9.716
961131,0.024,-0.116,9.708
961161,0.034,-0.128,9.744
961191,0.022,-0.134,9.732
961221,-0.008,-0.1,9.712
961252,-0.004,-0.12,9.742
961282,0.02,-0.116,9.72
961312,0.048,-0.154,9.718
961342,0.022,-0.124,9.728
961371,-0.002,-0.098,9.738
961401,0.008,-0.11,9.738
961431,-0.024,-0.116,9.742
961462,0.01,-0.14,9.738
961492,0.032,-0.09,9.724
961522,0.088,-0.186,9.748
961553,-0.032,-0.104,9.714
961583,-0.022,-0.1,9.744
961613,-0.028,-0.118,9.74
961643,0.044,-0.184,9.73
961672,0.054,-0.088,9.726
961702,0.032,-0.122,9.75
961732,-0.02,-0.124,9.726
961763,0.026,-0.122,9.748
961793,0.02,-0.112,9.758
961823,0.004,-0.124,9.74
961853,0.052,-0.14,9.72
961883,0,-0.106,9.73
961913,0.008,-0.146,9.754
961943,-0.014,-0.104,9.738
961973,0.068,-0.172,9.726
962003,-0.032,-0.114,9.724
962033,0.01,-0.11,9.74
962063,0.004,-0.106,9.734
962093,0.028,-0.166,9.742
962123,0.028,-0.092,9.72
962153,0.036,-0.12,9.738
962183,0.04,-0.136,9.742
962213,0.01,-0.136,9.75
962243,0,-0.116,9.72
962273,0,-0.094,9.738
962303,0.058,-0.14,9.762
962333,0.032,-0.118,9.718
962363,0.018,-0.128,9.72
962393,-0.006,-0.088,9.732
962423,0.044,-0.122,9.732
962453,0.046,-0.134,9.742
962483,0.016,-0.134,9.72
962513,-0.01,-0.118,9.732
962543,-0.012,-0.116,9.726
962573,0.02,-0.13,9.736
962603,0.026,-0.128,9.742
962633,0.034,-0.116,9.752
962663,0.022,-0.134,9.756
962693,0.01,-0.122,9.738
962723,0.02,-0.106,9.756
962754,0.016,-0.144,9.726
962784,0.008,-0.13,9.76
962814,0.008,-0.122,9.72
962844,0.01,-0.11,9.728
962874,0.032,-0.118,9.73
962904,0.038,-0.154,9.73
962934,0.014,-0.112,9.708
962964,0.028,-0.128,9.732
962994,-0.002,-0.132,9.754
963024,0.012,-0.144,9.72
963054,0.03,-0.106,9.74
963084,0.04,-0.134,9.754
963114,0.026,-0.142,9.746
963144,-0.004,-0.068,9.724
963174,0.026,-0.092,9.748
963204,-0.004,-0.134,9.736
963234,0.058,-0.144,9.732
963264,0.006,-0.1,9.728
963294,0.014,-0.134,9.736
963324,0.024,-0.146,9.754
963355,0.02,-0.128,9.722
963385,0.028,-0.116,9.75
963415,0.028,-0.128,9.742
963445,0.008,-0.112,9.724
963475,0.014,-0.13,9.712
963505,0.016,-0.124,9.73
963535,0.036,-0.13,9.732
963565,0.026,-0.116,9.724
963595,0.016,-0.116,9.744
963625,-0.004,-0.106,9.738
963655,0.026,-0.124,9.72
963685,0.032,-0.154,9.756
963715,0.032,-0.124,9.728
963745,-0.002,-0.11,9.742
963775,-0.004,-0.102,9.724
963805,0.008,-0.108,9.75
963835,0.014,-0.122,9.736
963865,0.034,-0.13,9.742
963895,0.022,-0.128,9.738
963925,0.014,-0.088,9.72
963955,0.04,-0.124,9.742
963985,0.032,-0.134,9.724
964015,0.026,-0.118,9.728
964045,0.008,-0.102,9.764
964075,0.014,-0.148,9.712
964105,0.016,-0.146,9.736
964135,0.016,-0.104,9.74
964166,0.032,-0.112,9.724
964196,0.028,-0.114,9.738
964226,-0.002,-0.134,9.726
964256,0.02,-0.112,9.738
964286,0.006,-0.112,9.722
964316,0.008,-0.118,9.754
964346,0.018,-0.128,9.754
964376,0.018,-0.118,9.722
964406,0.004,-0.1,9.752
964436,0.004,-0.132,9.722
964466,0.016,-0.132,9.716
964496,0.032,-0.13,9.736
964526,0.024,-0.132,9.73
964556,0.014,-0.114,9.776
964586,0.004,-0.118,9.708
964616,0.038,-0.114,9.754
964646,0.008,-0.11,9.736
964676,0.022,-0.142,9.73
964706,0.026,-0.12,9.736
964736,0.012,-0.14,9.722
964766,0.028,-0.112,9.748
964796,0.016,-0.136,9.754
964826,0.044,-0.122,9.764
964856,0.014,-0.134,9.732
964886,0.02,-0.128,9.736
964916,0.014,-0.128,9.756
964946,0.014,-0.116,9.748
964976,0.02,-0.136,9.76
965006,0.034,-0.106,9.728
965036,0.014,-0.128,9.744
965066,0.002,-0.14,9.714
965096,0.022,-0.142,9.712
965126,0.02,-0.11,9.7
965156,0.028,-0.124,9.728
965186,0.028,-0.098,9.73
965216,0,-0.11,9.736
965247,0.004,-0.112,9.756
965277,0.014,-0.118,9.736
965307,0.028,-0.136,9.742
965337,0.028,-0.118,9.742
965367,0.012,-0.14,9.762
965397,0.008,-0.116,9.736
965427,0,-0.112,9.758
965456,0,-0.128,9.748
965486,0.034,-0.144,9.746
965516,0.044,-0.134,9.76
965548,0.004,-0.142,9.728
965578,0.002,-0.12,9.728
965608,0.014,-0.112,9.74
965638,0.026,-0.12,9.744
965667,0.038,-0.146,9.742
965697,0.02,-0.106,9.746
965727,0,-0.128,9.738
965757,0,-0.142,9.732
965787,0.032,-0.132,9.732
965817,0.026,-0.124,9.736
965847,0.018,-0.122,9.724
965877,0.002,-0.116,9.756
965907,-0.004,-0.11,9.736
965937,0.01,-0.114,9.722
965967,0.018,-0.134,9.716
965997,0.02,-0.114,9.746
966027,0.002,-0.12,9.744
966057,0.004,-0.112,9.746
966087,0.008,-0.116,9.742
966117,0.014,-0.136,9.73
966147,0.03,-0.14,9.73
966177,0.016,-0.112,9.73
966207,-0.002,-0.116,9.728
966237,0.008,-0.124,9.72
966268,0.022,-0.126,9.732
966298,0.026,-0.128,9.742
966328,0.008,-0.118,9.752
966358,0.02,-0.124,9.744
966388,0.008,-0.114,9.736
966418,0.02,-0.146,9.742
966448,0.014,-0.128,9.72
966478,0,-0.122,9.724
966508,0.028,-0.114,9.756
966538,0.004,-0.128,9.728
966568,0.022,-0.136,9.744
966598,-0.01,-0.122,9.754
966628,0.014,-0.102,9.746
966658,-0.002,-0.112,9.756
966688,0.034,-0.136,9.73
966718,0.02,-0.112,9.744
966748,0.01,-0.134,9.73
966778,0.014,-0.106,9.738
966808,0.01,-0.118,9.752
966838,0.02,-0.142,9.714
966868,0.006,-0.124,9.732
966898,0.036,-0.122,9.754
966928,0.016,-0.122,9.736
966959,0,-0.116,9.742
966989,0.004,-0.13,9.714
967019,0.008,-0.134,9.732
967049,0.028,-0.12,9.758
967079,0.028,-0.122,9.732
967109,-0.006,-0.126,9.748
967139,0.004,-0.14,9.726
967169,0.01,-0.122,9.744
967199,0.016,-0.138,9.736
967229,0.04,-0.142,9.74
967259,0.016,-0.134,9.754
967289,0.016,-0.116,9.728
967319,0.018,-0.124,9.72
967349,0.03,-0.128,9.748
967379,0.008,-0.124,9.744
967409,0.022,-0.126,9.72
967439,-0.008,-0.106,9.75
967469,-0.01,-0.122,9.756
967499,0.042,-0.086,9.944
967529,-0.012,-0.196,9.708
967560,0.034,-0.154,9.512
967590,0.022,-0.072,9.592
967620,0.032,-0.116,9.754
967650,-0.054,-0.126,9.74
967680,0.02,-0.118,9.67
967710,0.02,-0.088,9.782
967740,0.04,-0.18,9.854
967770,0.014,-0.1,9.778
967800,0.01,-0.076,9.67
967830,-0.01,-0.118,9.73
967860,-0.008,-0.124,9.778
967890,0.094,-0.102,9.728
967920,0.022,-0.144,9.694
967950,-0.01,-0.152,9.828
967980,-0.018,-0.062,9.806
968010,0.034,-0.138,9.826
968040,0.026,-0.164,9.716
968070,0.082,-0.132,9.726
968100,-0.01,-0.08,9.766
968130,-0.008,-0.132,9.76
968160,-0.006,-0.09,9.712
968190,0.044,-0.136,9.714
968220,0.046,-0.168,9.72
968250,0.032,-0.148,9.768
968280,-0.028,-0.08,9.738
968310,0,-0.136,9.732
968340,0.026,-0.124,9.754
968370,0.068,-0.11,9.742
968400,0.028,-0.124,9.768
968430,0.022,-0.106,9.86
968460,0.014,-0.1,10.042
968490,-0.008,-0.116,9.894
968520,0.012,-0.106,9.402
968551,0.026,-0.14,9.214
968581,-0.012,-0.184,9.602
968611,0.014,-0.116,9.932
968641,0.002,-0.068,9.948
968670,0.03,-0.156,9.864
968700,0.038,-0.18,9.89
968730,0.056,-0.078,9.896
968761,0.002,-0.146,9.78
968791,-0.032,-0.14,9.616
968821,0.032,-0.098,9.572
968850,0.058,-0.122,9.738
968880,0.02,-0.158,9.748
968910,0.014,-0.068,9.756
968940,0.01,-0.128,9.65
968971,0.004,-0.17,9.722
969001,0.062,-0.112,9.816
969031,0.03,-0.104,9.822
969061,-0.016,-0.16,9.726
969091,0.016,-0.112,9.724
969121,0.036,-0.094,9.774
969151,0,-0.158,9.766
969181,0.02,-0.134,9.692
969211,0.01,-0.08,9.698
969241,0,-0.144,9.76
969271,0,-0.136,9.742
969301,0.032,-0.1,9.72
969331,0.004,-0.148,9.708
969361,0,-0.142,9.718
969391,0.032,-0.106,9.74
969421,0.044,-0.146,9.746
969451,0.002,-0.138,9.71
969481,0,-0.094,9.726
969511,0,-0.1,9.732
969541,0.022,-0.154,9.748
969571,0.032,-0.118,9.734
969601,0.044,-0.122,9.748
969631,-0.01,-0.128,9.744
969661,-0.01,-0.128,9.736
969692,0.044,-0.118,9.74
969722,0.028,-0.14,9.72
969752,0,-0.142,9.728
969782,0.016,-0.07,9.732
969812,0.014,-0.15,9.728
969842,0.026,-0.134,9.732
969872,0.028,-0.092,9.736
969902,0.018,-0.138,9.762
969932,0.01,-0.146,9.73
969962,0.016,-0.082,9.724
969993,0.03,-0.14,9.75
970023,0,-0.146,9.716
970053,0.02,-0.112,9.718
970082,0.026,-0.114,9.686
970112,-0.016,-0.136,9.706
970142,0.016,-0.116,9.764
970172,0.01,-0.106,9.804
970202,0.036,-0.122,9.796
970232,0.024,-0.154,9.764
970262,0.004,-0.08,9.736
970292,0.022,-0.128,9.748
970322,0.022,-0.154,9.748
970352,0.042,-0.128,9.762
970383,0.014,-0.114,9.748
970413,-0.03,-0.152,9.752
970443,0.028,-0.114,9.728
970473,0.062,-0.096,9.748
970503,0.034,-0.186,9.716
970533,0.052,-0.108,9.726
970563,-0.008,-0.086,9.72
970593,-0.014,-0.148,9.726
970623,0.02,-0.13,9.748
970653,0.068,-0.1,9.744
970683,0.022,-0.116,9.742
970713,-0.022,-0.096,9.712
970743,-0.01,-0.084,9.732
970773,0.026,-0.142,9.74
970803,0.032,-0.11,9.748
970833,0.02,-0.084,9.732
970863,0,-0.096,9.736
970893,-0.004,-0.13,9.738
970923,0.012,-0.116,9.746
970953,0.038,-0.114,9.746
970983,0.022,-0.112,9.728
971013,-0.016,-0.086,9.732
971043,0.004,-0.078,9.73
971074,0.024,-0.112,9.742
971104,0.026,-0.116,9.732
971134,0.028,-0.112,9.724
971164,-0.008,-0.106,9.73
971194,0.01,-0.098,9.752
971224,0.052,-0.094,9.712
971254,0.02,-0.124,9.722
971284,0.008,-0.124,9.736
971314,0.022,-0.074,9.734
971344,0.006,-0.11,9.714
971374,0.004,-0.124,9.724
971404,0.034,-0.074,9.722
971434,0.012,-0.102,9.738
971464,0.01,-0.128,9.738
971493,0.008,-0.086,9.712
971523,0.032,-0.11,9.732
971553,0.018,-0.134,9.728
971584,0.008,-0.11,9.738
971614,0,-0.092,9.754
971644,-0.012,-0.122,9.736
971674,0.05,-0.106,9.734
971704,0.016,-0.104,9.76
971734,-0.002,-0.126,9.726
971764,-0.008,-0.1,9.712
971795,0.018,-0.082,9.732
971825,0.032,-0.128,9.72
971855,0.026,-0.134,9.712
971885,0.002,-0.11,9.71
971915,-0.008,-0.1,9.736
971945,0.004,-0.122,9.716
971975,0.06,-0.154,9.716
972005,-0.01,-0.088,9.656
972035,0.032,-0.068,9.718
972065,-0.016,-0.134,9.714
972095,0.016,-0.094,9.71
972125,0.012,-0.098,9.698
972155,0.016,-0.098,9.714
972185,0.024,-0.112,9.722
972215,-0.002,-0.11,9.726
972245,0.01,-0.106,9.76
972275,0.014,-0.132,9.736
972305,0.006,-0.132,9.714
972335,-0.004,-0.132,9.708
972365,0.006,-0.108,9.718
972396,0.016,-0.122,9.726
972426,0.04,-0.122,9.742
972456,0.022,-0.128,9.762
972485,0.002,-0.074,9.762
972515,0,-0.11,9.736
972545,0.04,-0.124,9.75
972575,0.052,-0.092,9.738
972605,0,-0.116,9.732
972635,-0.008,-0.13,9.726
972665,0.032,-0.084,9.73
972695,0.016,-0.136,9.726
972725,0.008,-0.148,9.726
972755,0.026,-0.108,9.73
972785,0.01,-0.098,9.742
